question_id,question,expected_answer,llm_dali2_answer,pure_llm_answer
1,"Some Cantonese don't like chili, so some southerners don't like chili. Which of the following can guarantee the above argument? [A) Some Cantonese love chili | B) Some people who like peppers are southerners | C) All Cantonese are southerners | D) Some Cantonese like neither peppers nor sweets]",C,C,C
2,"Continuous exposure to indoor fluorescent lights is beneficial to the health of hamsters with heart disease.One group of hamsters exposed to continuous exposure to fluorescent lights has an average lifespan that is 2.5% longer than another one of the same species but living in a black wall. Which of the following questions was the initial motivation for conducting the above experiment? [A) Can hospital light therapy be proved to promote patient recovery? | B) Which one lives longer, the hamster living under the light or the hamster living in the dark? | C) What kind of illness does the hamster have? | D) Do some hamsters need a period of darkness?]",A,A,A
3,"There is no doubt that minors should be prohibited from smoking.However, we cannot explicitly ban the use of automatic cigarette vending machines in order to prevent minors from smoking.This ban is just like setting up roadblocks on the road to prohibit driving without a license.These roadblocks naturally prohibit driving without a license, but also block more than 99% of licensed drivers. In order to evaluate the above argument, which of the following questions is the most important? [A) Does the proportion of underage smokers in the total number of smokers exceed 1%? | B) How much inconvenience does the ban on the use of automatic vending machines bring to adult cigarette buyers? | C) Whether the proportion of unlicensed drivers in the total number of drivers really does not exceed 1% | D) Is the harm of minor smoking really as serious as the public thinks?]",B,C,C
4,"A research report states that a special education program for children aged 3-5 under study increases their chances of success in future schooling.Therefore, implementing a similar education program for all children will improve them in the future opportunities for success in school education. Which of the following best illustrates the logical loopholes summarized above? [A) Children's cognitive abilities are constantly changing at the age of 3-5 | B) Establishing such education and training programs on a national basis requires a special public expenditure | C) Many parents mistakenly believe that early formal education will occupy the time that children would have been able to better explore the world independently | D) Investigators are unaware that they include a large group of children who have previously received another education]",A,D,D
5,"The traitor is a traitor, so you are a traitor, so I am a patriot.The words of a patriot are the most valuable, so my words are good.Since my words are good, you are undoubtedly a traitor! Which of the following makes the same logical mistake as above? [A) Literature and art are not worthy of attention.Modernization must relies on science and technology, so science and technology are worthy of our attention.But literature and art are not science and technology. | B) Non-university can also become an outstanding talent.Gorky, Edison, Faraday, Franklin, etc.have not attended college, but they have all become outstanding talents. | C) The earth is a sphere, which can be proved from the fact that when we stand at a height and watch the sailing boat in the sea, we always see the mast first and then the hull.The reason for this is because the earth is a sphere. | D) I saw them coming out of this chemical plant several times before I realized that this young man who was eager to help patients was originally a worker in this chemical plant.]",C,C,A
6,"Last year's inflation rate was 1.2%, and this year has reached 4%, so we can conclude that the inflation rate is on the rise, and the inflation rate will be higher next year. Which of the following, if true, would seriously weaken the above conclusion? [A) Inflation rate is calculated based on a representative sample of economically sensitive data, not on available data | B) Inflation last year was the lowest in recent years | C) False prosperity caused by rising inflation rate will eventually lead to economic recession | D) Last year's financial turmoil caused inflation to temporarily fall below the average of 4% in recent years]",D,D,D
7,"Aristotle's ""Apocalypse"" records such a sophistry: ""You have a dog, and it has children because it is a father; it is yours, and therefore it is your father; you hitting it means you hitting your own father."" Which of the following makes the same logical fallacy as the above sophistry? [A) Dogs have four legs and sheep have four legs, so dogs can be sheep | B) ""Come up, Czech, roosters have long been called."" ""What does it matter to me? I'm not a hen."" | C) When someone said that Omar Dem was lying, he whispered, ""Whoever lies says something that doesn't exist; something that doesn't exist cannot be said, so no one lies."" | D) Your opinion turns out to be wrong, so my criticism on your opinion is correct.Now that my opinion is correct, it is undoubted that your opinion is wrong.]",D,D,D
8,"According to ""God Creation"", God created the earth on the first day, the moon on the second day, and the sun on the third day. Which of the following assertions is not the meaning of the above-mentioned creation theory? [A) Celestial planets come one after another | B) Regarding the meaning of ""one day"", God has the same understanding and use with us | C) At least there was no sun for the first two days of the earth's existence. | D) Without the sun and in darkness, God also can work]",B,B,B
9,"A linguist believes that the term ""fiancée"" is contradictory.The dictionary explains ""fiancée"" as ""a wife who is engaged but not married"", and explains ""wife"" as ""when a man and a woman get married, the woman is the man's wife."" How can you call a wife without getting married? Which of the following is the presupposed premise of the linguist? [A) The claims of ""Fiancée"" may lead to the legalization of cohabitation | B) Some are not officially married, but the essence is a de facto marriage | C) In fact, ""fiancée"" is an uncertain marriage relationship | D) The so-called ""fiancée"" actually means that she is not married now, but still the wife of a man]",D,D,D
10,"There was a group discussion of judicial workers in the city.One group has 8 people.At the beginning of the meeting, the group leader asked everyone if they knew each other.As a result, only one person in the group knew 3 of the group, 3 knew 2 of the group, and 4 knew 1 of the group. If the above statistics are true, which of the following conclusions can best be reached? [A) The group leader knows the most in the group, and the others know each other less | B) This is the first time such a meeting has been held and everyone is new | C) Some members may only know what they have seen on television or at a briefing | D) Although there are not many acquaintances in the group, what they knew are all close friends.]",C,C,C
11,"The head of a chain store was helpless with the management issues brought about by the transition and expansion of the previous stage, so he asked a famous management expert: ""I don’t know how to manage more than 300 chain stores?"" The management expert answered straightforwardly: ""Cut them down "" The CEO asked,"" How much? ""The expert said,"" until you can manage them."" Which of the following statements is premised by the above management experts? [A) The number of affiliated chain stores is related to the nature of the chain stores. | B) The number of affiliated chain stores is related to the development of chain stores. | C) The number of affiliated chain stores is related to the number of chain leaders. | D) The number of affiliated chain stores is related to the capabilities of the boss.]",D,D,D
12,"Li Lin is a civil servant, but not a college graduate Which of the following is necessarily true? [A) Not all university graduates are civil servants | B) Civil servants are not all college graduates | C) Some college graduates are not civil servants | D) Some civil servants are college graduates]",B,B,B
13,"A research institute conducted a 10-week weight loss test.Participants lost an average of 9 kg.Participants in the middle-aged group lost an average of 13 kg, and participants in the youth group lost an average of 7 kg.Researchers attributed the weight loss difference to the fact that the weight of the middle-aged group was heavier than that of the young group before weight loss. Which of the following conclusions can be drawn from the above? [A) Participants in the young group weighed less than those in the middle-aged group before losing weight | B) All participants lost weight | C) There were more participants in the young group than in the middle-aged group. | D) There were more participants in the middle age group than in the young group]",C,A,A
14,"Pigeons can fly back to their homes from hundreds or even thousands of miles away.How do pigeons recognize the way home? For a long time, this has been a mystery, attracting many people to study this problem.According to their hypothesis, some researchers put pigeons into tightly blocked cages and transported them to a strange place, they can still easily found the direction of returning home.If the frosted glass contact lens are mounted on the pigeon's eyes so that they can't see anything more than a few meters away, and transported these ""myopia"" pigeons more than 100 kilometers away, they can also go home and land exactly one to two meters near the pigeonholes--it was only at this distance that they need eye to help. Based on the above, which of the following is the hypothesis proposed by these researchers? [A) Pigeons have good eyes and an amazing memory | B) The pigeon has a fairly sophisticated navigation system | C) Pigeons can navigate by geomagnetic | D) Pigeons lose their ability to orient during strong magnetic explosions in the sun and during lunar eclipses]",B,B,B
15,"The financing for a large construction project was provided by a bank.When the funds were used up before the project was completed, the bank approved a further loan.Now, as the funds are used up again and the project is still not completed, the bank refuses to increase further loans, although the projects would have been ruined without loans. Which of the following, if true, would best explain why banks are responding differently from their previous responses? [A) The bank re-evaluated the potential income of the completed project and concluded that the total revenue that the project can generate will be lower than the total interest of the old loans plus the new loans | B) The bank has identified several other projects, which could lead to faster principal recovery if loans are now approved for them to start | C) The bank and the borrower have agreed that the construction loan is guaranteed by the completed project | D) Cost overruns are mainly due to unforeseen problems at the most difficult stage of construction]",A,A,A
16,"The tobacco industry has a lot of money, and it is expected to continue to do so.Last year, the total amount of tobacco sold by American tobacco farmers increased significantly, but the number of smokers in the country continued to decline. If the following are true, they can be the reason for the above phenomenon, except: [A) More women start smoking this year than men who have quit | B) People who continue to smoke consume more tobacco than in previous years | C) The number of people who started smoking grass or taking snuff this year is more than the number who have given up smoking. | D) More cigarettes produced in the U.S.are exported to other countries this year than last year]",A,A,D
17,"Residents in the countryside have stronger purchasing power than residents in the city, because they can use part of the funds that urban and suburban residents use to buy food and houses to buy other things they need. Which of the following best fits the above explanation of why rural residents have strong purchasing power? [A) Generally speaking, there are more rural residents than in cities or in the suburbs | B) Rural residents spend less on food and housing than urban or suburban residents | C) The average income level of urban and suburban residents is generally not much higher than that of rural residents | D) Both urban and rural residents spend more on house purchases than other related goods]",B,B,B
18,"One day in 1910, the young German meteorologist Wegener was lying on a hospital bed, turning his eyes to a map of the world on the wall.He accidentally discovered that the west coast of Africa is so consistent with the east coast of South America that it is like a torn piece of paper which can be put together again.Wegener's mind flashed an idea: the two continents were originally a whole piece, but they broke up later and drifted away, and formed the way it is now.After further research, Wegener came up with a completely new hypothesis-the theory of continental drift. The following items further support the ""continental drift theory"" from different perspectives, except: [A) The opposite stratigraphic sequence (stratigraphic structure) on both sides of the Atlantic Ocean and the Indian Ocean is the same | B) Paleontological species (plant fossils and animal fossils) on both sides of the Atlantic are almost identical | C) Traces left in the rock formations indicate that long ago, today's Arctic was once a very hot desert | D) Geological traces indicate that the five continents on the earth were formed almost simultaneously]",D,C,C
19,"According to official reports, the suicide rate (the number of suicides per 1,000 people) in Greenland was 17 times higher in 1987 than in 1960.Because Greenland changed from a hunting and fishing society to an industrial society from 1960 to 1987.The huge change of suicide rate must be the result of this social change. Which of the following, if true, would most seriously challenge the above conclusion? [A) Changing from a hunting and fishing society to an industrial society can sometimes cause major change on crime rates | B) In the hunting and fishing society, a considerable number of members choose to commit suicide | C) According to official records, there was a certain increase in the number of suicides in Greenland in 1987 | D) In 1987, most suicides in Greenland were reported officially, while most suicides in 1960 were not recorded]",D,D,D
20,"Only by recognizing errors can they be corrected."" All of the following items accurately express the meaning of the above determination, except: [A) You cannot correct mistakes unless you recognize them | B) If you do not recognize the error, you cannot correct it | C) If you correct the mistake, you already know the mistake | D) Correct errors as long as you recognize them]",D,D,D
21,"An academic conference is holding a group meeting.Group A has 8 people present.The group leader asks everyone if they know each other.As a result, only 1 person in the group knew 3 of the group and 3 people knew 2 of the group，and 4 people know 1 of the group. If the above statistics are true, the best conclusion can be. [A) The group leader knows the most in the group, and the others know each other less. | B) This is the first time such a meeting has been held and everyone is new | C) Some members may be aware of what they have only seen on television or at a briefing | D) Although there are not many acquaintances in the group, what they knew are all close friends.]",C,C,C
22,"A country loses excessive topsoil and needs to import more food, which increases the pressure on the soil in other countries; air pollution in one country causes acid rain in neighboring countries; excessive emissions of carbon dioxide cause global warming and sea-level rise, which almost can endanger all countries and regions. Which of the following items best summarize the main points made above. [A) Environmental pollution has affected relations between countries and may cause international disputes | B) The rapid development of the economy will inevitably lead to the intensification of environmental pollution.It is a rule that pollution is first and then governance is followed. | C) In terms of pollution control, developed countries are willing to take more responsibilities and obligations | D) Environmental pollution has become a regional and international problem.Solving environmental pollution is a common task for humanity]",D,D,D
23,"In a restaurant, all the dishes belong to Sichuan cuisine or Cantonese cuisine, and Mr.Zhang's order includes Sichuan cuisine.Therefore, there is no Cantonese cuisine in Mr.Zhang's order. Which of the following is necessary to make the above argument valid? [A) The restaurant stipulates that when you order Cantonese food, you cannot order Sichuan food and vice versa | B) The restaurant rules that if you order Sichuan food, you can not order Cantonese food, but when you order Cantonese food, you must also order Sichuan food | C) Mr.Zhang is from Sichuan and only likes Sichuan cuisine | D) Mr.Zhang is a Cantonese, and he likes Cantonese food]",A,A,A
24,"There are four small balls that do not appear to be separate, but their weights may be different.Take a scales and group A and B into one group, and C and D into another group.Place them on each side of the scales.The scales is basically balanced.B and D are reversed, then A and B are obviously heavier than B and C.But strangely, we put A and C on one side of the scales, and B on the other side.When there was no time to put D, the balance was pressed to B's side. Please judge, A or D, which one is heavier? [A) D is heavier than A | B) D is lighter than A | C) A is as heavy as D | D) Unable to determine the weight of the A and the D]",A,A,A
25,"The National Games held a women's 5,000-meter race.Liaoning, Shandong and Hebei, each team sent three athletes to participate in the game.Before the competition, four sports enthusiasts were together to predict the outcome of the game.A said: ""Liaoning team has a set of training, and this time the top three must belong to them."" B said："" This year is different from last year.The Liaoning team will take at most one gold, silver and bronze medals."" ""According to my estimation, Shandong team or Hebei team will take the card,"" said C.""If the first place is not from the Liaoning team, it should be the Shandong team."" said D.After the match, it was found that only one of the above four people was in words. Which of the following is most likely the result of the competition? [A) First place Liaoning team, second place Liaoning team, third place Liaoning team | B) First place Liaoning team, second place Hebei team, fourth place Shandong team | C) First place Shandong team, second place Liaoning team, third place Hebei team | D) First place Hebei team, second place Liaoning team, third place Liaoning team]",D,C,C
26,"A recent study by an insurance company showed that those who work in a comfortable work environment are 25% more productive than those who work in an uncomfortable work environment.This shows that an increasingly improved work environment can increase worker productivity. Which of the following hypotheses is the most serious challenge to the above causality? [A) On average, less productive employees spend less time in the workplace than more productive employees | B) A comfortable environment is more motivating than hard work | C) A comfortable work environment is usually a reward for highly productive employees | D) In a crowded, uncomfortable environment, coworker pressure prevents employees from working]",A,C,C
27,"Black Americans have high blood pressure twice as much as white Americans.The same is true of westernized blacks African  compared to white Africans.Researchers hypothesize that westernized blacks suffer from high blood pressure for two reasons.The first is the high salt content of western foods; the second is the adaptation mechanism to the environment of the blacks' genes . Which of the following, if true, would best support researcher's hypothesis? [A) Blood pressure in descendants of contemporary westernized black African  Gambians is usually not high, as Gambians have historically been short of salt | B) Unusually high salt intake in some parts of Africa is a serious health hazard | C) Considering health, most white Africans also pay attention to controlling salt intake | D) Salt deficiency and salt sufficiency have not found any substantial difference in human metabolism]",A,A,A
28,"An indigenous person tests the physical fitness of newborn babies in order to improve the combat effectiveness of their offspring.They place newborn babies in a harsh natural environment to test their vitality, and abandon those who are weak and cannot stand the test, and leave those sturdy babies.This method did not make the local indigenous people strong but declined. Which of the following is most appropriate as the cause of the eventual failure of local talent selection? [A) The physical fitness of newborn babies is good, but they may not be stronger when they grow up. | B) Physiological quality is only part of a person's overall quality, and national security requires the improvement of a person's comprehensive quality | C) Talents are selected, but too few are inevitable | D) The child's parents are unhappy with the brutal selection method and are unwilling to defend their city]",B,B,B
29,"The Watt who invented the steam engine is not American."" All but which of the following can be derived from the above conclusion? [A) Watt is not American | B) Some inventors are American | C) It was the inventor who invented the steam engine | D) Watt is an inventor]",B,B,D
30,"Mr.Wang of the Institute of Technology said in an interview with the journal: ""In recent years, science students have generally been more interested in studying current affairs and politics than in the past.Because in my class, students were not absent from almost every lecture on current affairs and politics.It was almost unimaginable a few years ago."" Which of the following assumptions does Mr.Wang's conclusion rest on? [A) The occurrence of a series of events at home and abroad in recent years has greatly attracted science students | B) The political awareness of college students enrolled in recent years is generally stronger than previous students | C) Attitude to current affairs politics lectures is an important indicator of whether college students are interested in current affairs politics learning | D) In terms of current affairs and political studies, science students cannot be required to meet the standards of liberal arts students]",C,C,C
31,"Wife: I heard that eating fish can make people smart.Husband: How is this possible? Mr.Lu Xun is not a fan of fish because eatting fish takes too much time.Nie Weiping prefers fish head, but if he only eats fish heads for three meals a day, he will never be such smart on the chessboard. The husband's rebuttal actually questioned which of the following assertions? [A) If you don't eat fish, you won't be smart | B) It is not only eating fish that makes you smart | C) If anyone eats fish, he can be smart | D) Only eat fish or eat fish alone, people will be smart]",D,C,C
32,"Two production management methods, A and B, have been tried out in two factories respectively.The trial work was carried out as follows: method A was tested in a large factory with a high level of education in the leadership group; method B was tested in a small factory with a low level of education in the leadership group.The result was that the economic benefits of Method A were good, but the economic benefits of Method B were not good.Therefore, it was concluded that Method A was the reason for achieving better economic benefits. All of the following can weaken the above conclusions, except: [A) The situation of the two factories is different, and it cannot be used as an experimental base for testing the two management methods. | B) Factory A's leadership team has a high level of education, which is conducive to the understanding and implementation of management methods | C) Factory B's leadership team has a low level of education, which is not conducive to the understanding and implementation of management methods | D) Comparing method A with method B, in fact, method B is better, but unfortunately, the foundation of small factories implementing this method is too poor]",D,D,D
33,"After the selection of a ""documentary golden lens award"", factory A's ""Yellow River"" won the best documentary award, factory B's ""Wuyishan"" won the best photography award, and factory C's ""South China Sea"" won the best music award.The three factory directors were invited to introduce their experience to the school.In the lounge, the director of the factory A said, ""It's really interesting that the last names of us are the first word of the film title."" ""However, each of us has a different last name from the first word of the film we made.” At this time, a director whose last name is Wu added.“That ’s true!” Factory A' director agreed. If the above statement is true, which of the following is true? [A) The last name of Factory A's director is Nan, Factory B's is Wu, and Factory C's is Huang | B) The last name of Factory A's director is Huang, Factory B's is Wu, and Factory C's is Nan | C) The last name of Factory A's director is Nan, Factory B's is Huang, and Factory C's is Wu | D) The last name of Factory A's director is Wu, Factory B's is Huang, and Factory C's is Nan]",C,C,C
34,"There is a total of 7 teachers, including a director, in a teaching and research office.Regarding these 7 staff members, only one of the following three conclusions is true: Ⅰ.Not that no one in the teaching and research office is from Shanghai.Ⅱ.The members of the teaching and researching office are not all Shanghainese Ⅲ.The director of the teaching and research office is not from Shanghai. Which of the following is true? [A) 7 teachers are from Shanghai | B) 7 teachers are not from Shanghai | C) Only one person is not from Shanghai | D) Only one person is from Shanghai]",A,A,A
35,"Four good classmates make an appointment.If both A and B choose to work in the company, D chooses to work in the agency.And only when A chooses to work in the company, C chooses to work in the company.The final result is that both B and D are in company, and all four fulfilled a common agreement It can be sure that: [A) Only C did not choose to work in the company | B) Neither A nor C chose to work in the company | C) Four people have chosen to work in the company | D) Only A did not choose to work in the company]",B,D,A
36,"In agricultural production, as long as the appropriate limit is not exceeded, the yield of crops will be increased with more fertilizer applied; and the yield of crops will be reduced with less fertilizer applied.It can be seen that the amount of fertilizer applied has a close relationship with the yield of crops. Which of the following logical methods is most similar to the above statement? [A) There are sounds of gongs, sounds of blows, and sounds of speech.These sound phenomena are accompanied by the vibration of the air on the object, so it can be concluded that the vibration of the air on the object is the cause of the sound | B) When sawing with a saw, the saw will generate heat; when filing with a file, the file will also generate heat; when sharpening a knife on a stone, the knife will generate heat; when shooting with a gun, the barrel will also become hot.Therefore, friction can generate heat | C) The bell is energized by energizing in a glass cover with air.As the amount of air drawn changes, the ring tone becomes smaller and smaller.If the air is completely drawn out, the ring tone will not be heard at all.Therefore, how much air is the reason why the sound is loud, and whether there is air is the reason why the bell can be heard | D) Cotton is a plant fibre, loose and porous, and can keep warm; snow is frozen by water, with 40% to 50% of the gap, and it is also loose and porous, and can keep warm.It can be seen that loose and porous is the reason for heat preservation.]",C,D,D
37,"One researcher found that people with low levels of the immune system scored lower on mental health tests than people with high levels of the immune system.The researcher concluded that the immune system can protect not only against physical illness but also mental illness. In fact, this causality is not valid.Which of the following is the most serious question? [A) The researcher's theoretical research and the experiments performed are not consistent in time | B) The human immune system is closely related to mental health | C) Some people with a high immune system score differently on psychological tests than people with a normal immune system | D) In general, intense stress first causes mental illness and then reduces the level of activity of the immune system]",D,D,D
38,"Some people think that in recent years, a large number of rural people have flowed into cities to work, which has caused chaos in the urban social order and a decline in public security.It can be said that allowing rural people to flow into cities is harmful and unhelpful.Therefore, we should clear out the rural population in the city and limit its employment in the city. Which of the following, if true, would best refute the above view? [A) The influx of a large number of rural people has made urban roads crowded | B) The influx of rural population into the city is beneficial to both the countryside and the city; it can not only make up for the shortage of urban labour but also accelerate the development of China's rural economy and improve the quality of the rural population | C) In fact, the main offender of many major vicious cases is rural people who work in cities | D) Too much migrant population causes worsening urban health]",B,B,B
39,"To establish a market economy system, corresponding laws and regulations should be established to regulate market competition.Essentially, market economy is legal economy.Therefore, it is impossible to establish a market economy system in a country with a weak legal system. Which of the following, if true, would most weaken the conclusion? [A) Market economy and legal economy are not a same concept | B) A sound legal system can effectively guarantee equality in competition | C) A complete legal system is of great significance to the development of a market economy | D) The improvement of the legal and regulatory system depends on the improvement of the market economy system]",D,D,D
40,"Prosecution: refers to an action order by a citizen, legal person or other organization to request the people's court to hear the case in accordance with the law, to confirm the relationship between civil rights and obligations, to sanction the other party's civil illegal acts and to protect their legitimate rights and interests in their own name when they believe that their civil rights and interests have been infringed by others or have disputes with others. According to the above definition, which of the following cases belongs to prosecution? [A) Someone reports to a public security agency for theft at home | B) Someone submits an instrument to the High Court because of dissent | C) An enterprise sued the other party for failure to perform the contract | D) The defendant counter claimed the plaintiff during the litigation because he found that the plaintiff violated his rights.]",C,C,C
41,"Technical audiences: These listeners work hard to listen to others.They value words, facts, and statistics, but they don't do enough in feelings, sympathy, and true understanding. Which of the following are technical audiences? [A) The audiences who read the newspaper with their heads down and dozed off squinting during the meeting | B) The audiences who always take a lot of notes when listening to the leader's speech, but often follow their own intentions when implementing policies and are inconsistent with the leader's intentions. | C) The audiences who sighed ""listen to your words, better than ten years of reading"" | D) The audiences who only listen to some easy-to-understand content and avoid difficult topics]",B,B,B
42,"Imaginary defence: Refers to the fact that there is no ongoing illegal infringement objectively, and the perpetrator mistakenly believes that illegal infringement is taking place, and has justified the imaginary ""infringer"". Which of the following are not imaginary defences? [A) Someone vaguely found someone hiding under the window, thinking it was a thief stealing something, and wounding it with a stick, but found that it was a child playing hide-and-seek | B) Someone walks on the street and finds that the previous one is a corrupt criminal in the General Public Security Bureau, so he immediately catches him but finds that he has identified the wrong person. | C) The villager Li was very annoyed by the continuous theft.One night, he found that someone quietly walked into his yard and hit him, but found that it was his son who was late. | D) Someone rides home late at night, and suddenly a person appears on the roadside.He thought it was robbing, and then beat the person.He found that he was a middle school student who wanted to make fun of himself.]",B,B,B
43,"Knowledge management: build a quantified and qualitative knowledge system in the organization, and allow the information and knowledge in the organization to continuously feedback to the knowledge system through processes such as acquisition, creation, sharing, integration, recording, access, update or innovation.It will form an uninterrupted accumulation of personal and organizational knowledge, and become a cycle of organizational intelligence.It will become the intelligent capital of management and application in the enterprise organization, which will help companies to make correct decisions to cope with market changes.It is a process of creating, acquiring, and using knowledge to enhance the performance of an organization. Based on the above definitions, which of the following is not the knowledge management? [A) Ernst & Yong has developed an electronic file system which can quickly encode and store employees' knowledge and information into a file database.It can be called by company personnel and become a company's standardized, high-quality and fast consulting service. | B) C.Dell: Leaving employees' results and customer information in the company, that is, separation of people from information | C) B.Dow's patent management: divided into current use, will use and not use, saving patent tax, obtaining patent royalties, about 200 million US dollars a year | D) Smnrtall implements layoffs throughout the company based on data from last year's annual report]",D,D,D
44,"A false conflict is when there are differences between the two parties to the conflict, but there is no objective basis for this difference. Which of the following are false conflicts? [A) A friend called a party, but Xiao Wang was not invited, so he was very unhappy, and his friend was dissatisfied because Xiao Wang did not go to the party.In fact, the friend called and invited Xiao Wang, but Xiao Wang was away, so he asked his colleagues to tell him, but they forgot | B) Li feels that the teacher's score in the mid-term exam is too low, and he is not happy, but it is not easy to speak directly, so he deliberately asks some difficult questions in class | C) Kobayashi is watching TV with a friend.Kobayashi wants to watch a TV series, but his friend wants to watch the broadcast of a football game | D) A mother noticed the smell of smoke in the house and thought her daughter's boyfriend had smoked, so she warned him not to smoke at home.In fact, it was her daughter who smoked]",A,A,A
45,"In 995, Chinese players won a total of 103 world championships in major global sports competitions, creating 57 world records, the highest in history.In 1995, only 15% of the high school students who entered the university in China had physical examinations qualified. Therefore, the correct conclusion we can draw is that in 1995,? [A) China has become a world sports power | B) Only 15% of high school students in China advance to college | C) China's competitive sports have reached the highest point in history | D) College entrance physical examination standards have been raised.]",C,D,D
46,"The Oscar-winning film `` Titanic '' was released in a state, and an exclusive operating right of the state was given to a film distribution and projection company.All departments of the company were busy.The publicity department invested an unprecedented 1.7 million RMB for various forms of advertising.The business department organized 8 major theatres for advanced screening and extended schedules, and the finance department implemented specific revenue sharing with each theatre.In the end, almost everyone in the city went to watch this film, and the company earned 7.5 million RMB.But when summarizing this work, the company criticized the mistakes made by the publicity department in this work. Which of the following, if true, would best explain the above situation? [A) The company's publicity department did not communicate with other departments in advance, and the propaganda lacked pertinence. | B) The company ’s publicity department ’s investment is actually too large because it ignores the Oscar-winning film itself has a free publicity effect | C) The company's publicity department has not invested enough.When `` Titanic '' was released in another state, the company publicized and invested 3 million RMB. | D) The propaganda of the company's publicity department has no new breakthroughs in creativity and form]",B,C,C
47,"A new type of computer keyboard has been introduced on the market.The new keyboard has the ""three most"" characteristics that traditional keyboards do not have, that is, the most commonly used keys are designed the closest to the most flexible fingers.The new keyboard can greatly improve typing speed and reduce error rate.Therefore, replacing the traditional keyboard with the new keyboard can quickly improve the work efficiency of related departments. Which of the following, if true, would most weaken the argument? [A) Some keyboard users' most flexible fingers are different from ordinary people | B) The most commonly used keys in traditional keyboards are not designed to be farthest from the most flexible fingers | C) The more efficiently you can use a traditional keyboard, the less likely you will be proficient in using the new keyboard in the short term. | D) The price of the new keyboard is higher than that of the traditional keyboard]",C,C,C
48,"The incidence of coronary heart disease in developed countries is about three times that of developing countries.Some people think that this is mainly due to people's high fat, high protein and high-calorie food intake in developed countries.Few people have the conditions to have this kind of ""rich disease"" in developing countries.In fact, this view is difficult to establish.At present, the average life expectancy in developed countries is higher than 70 years, while the average life expectancy in developing countries is less than 50 years. Which of the following, if true, would best strengthen the above rebuttal? [A) Statistics show that patients with coronary heart disease are relatively concentrated in the middle and old age groups, that is, those over 45 | B) At present, patients with coronary heart disease are younger | C) People's high-fat, high-protein, and high-calorie food intake in developing countries, both in total and per capita, is increasing year by year | D) Compared with developing countries, people in developed countries have a higher common sense of prevention and treatment of coronary heart disease and better medical conditions.]",A,A,A
49,"A tax imposed by the government on basic goods is two cents on each can of edible oil sold.Tax records show that despite the stable per capita quantity and strong enforcement of tax laws, the amount of edible oil taxes in the first two years still dropped significantly. Which of the following is most helpful in explaining the decline in edible oil taxes? [A) Few households start producing their own edible oil after the tax increase | B) Businessmen start selling oil in bigger can than before after the tax law came into effect | C) Two years after the introduction of the edible oil tax, the government began to levy taxes on many other basic commodities | D) Edible oil cans are traditionally used as wedding gifts.After the implementation of the tax law, the use of edible oils as gifts has increased.]",B,B,B
50,"For a certain type of ulcer, traditional therapies can completely cure ulcers in 44% of patients within 6 months.A new treatment for this kind of ulcers has made 80% of ulcers achieved significant improvements in a 6-month trial and 61% were cured.Since the trial only treated those with more severe ulcers, this new treatment was obviously more effective than traditional therapies. What additional evidence is needed to better compare the effects of the two therapies? [A) which is the difference between the two methods? | B) Are there significant differences in the cost of using the two therapies? | C) What percentage of patients with this ulcer treated with traditional therapies in 6 months have achieved significant improvement | D) What percentage of patients who participated in a 6-month trial of a new therapy was dissatisfied with the rate of recovery]",C,C,C
51,"A tribe or race became extinct in the development of history, but its text will be passed down.""Arilo"" is such a text.Archaeologists found this text inland.After researching ""Arilo"", there is no text for ""sea"", but there are texts for ""winter"", ""snow"", and ""wolf"".Therefore, experts speculate that the tribes or races that use the word ""Arilo"" have historically lived in a cold place away from the ocean. Which of the following, if true, would most weaken the speculation of the above experts? [A) There is no word for ""cloud"" in ""Arilo"" | B) There is no word for ""mountain"" in ""Arilo"" | C) ""Arilo"" has the word ""hot"" | D) ""Arilo"" has the word ""fish""]",A,C,C
52,"Nature is the environment for the development and continuation of human life.At the same time, production labor, the intermediary of the exchange of material between humans and nature, is the starting point for the formation and development of human social relations.In the labor of processing, people have formed the human-to-human production relationship, and thus formed complex social relationships such as national, class, family, etc. Therefore? [A) Man can survive and develop only if he is passively adapted to nature | B) Human-to-human, human-to-social relationship, is based on the relationship between man and nature | C) People's social relations have their inherent development rules, which can exist and develop independently | D) People are part of nature because people are animals]",B,B,B
53,"6 people A.B, C, D, E, F participated in a final game.Before the match, there were 3 guesses.First, the champion is either A or B.Second, the champion is C or D.Third, D, E, F never probably be the champion.Only one of the three was correct after the match. So who is the champion? [A) A is the champion | B) B is the champion | C) C is the champion | D) D is the champion]",D,D,C
54,"Ecological Fallacy: Inferring individuals based on the results of the overall analysis, arguing that individuals have overall characteristics and attributes. According to this definition, which of the following is not part of the ecological fallacy. [A) Xiaoming just arrived in Shanghai and met five or six Shanghai girls.They are all beautiful, so he thinks all Shanghai girls are beautiful | B) Generally speaking, girls do not perform as well as boys in math, physics and chemistry.Therefore, Shimin, a girl, definitely does not perform well in math, physics and chemistry. | C) Tibet and Guizhou's overall economy is backward, so Tibetans and Guizhouese are all very poor | D) The survey found that the more economically developed a place is, the lower its fertility level is.Therefore, it is believed that a high-income family must have fewer children.]",A,D,D
55,"Sensation: refers to the human brain's reflection of individual attributes of objective things directly acting on sensory organs. Which of the following belongs to sensation: [A) Wang Li's brother brought her back a fruit she hadn't seen before, so she didn't know its name, but she thought it was very cute | B) When the moon is overhead, you will find that no matter where you go, it always follows you | C) Xiaoming returns home from school and finds that his mother bought a big watermelon on the table | D) Alone lying on the bed, you felt like was being carried away in a sedan chair and had a bumpy feeling]",A,A,C
56,"Sound: is a kind of vibration of material molecules (such as air) transmitted in the form of waves.Vibrations with a frequency between 16 Hz and 20,000 Hz are in the audible range, and can form a sensory impression in the human hearing.People have different hearing abilities.Vibrations below 16 Hz are called infrasound, and those above 20,000 Hz are called ultrasound. We can know from the above definition that [A) Few people can hear vibrations below 16 Hz in sound | B) Vibrations between the infrasound and ultrasonic frequency ranges cannot cause human auditory sensory impressions | C) There is a type of vibration that is neither called infrasound nor ultrasound | D) Most animals have a more sophisticated hearing function than humans]",C,B,C
57,"Intuitive thinking: It is the way in which the human brain can quickly understand and make judgments on new problems, new things and new phenomena that suddenly appear. Which of the following is not one of intuitive thinking. [A) Ancient Greek scholar Archimedes discovered the law of buoyancy while bathing in a bathtub | B) Focus on a problem, point your mind at this center from different directions and different angles | C) Humans get inspiration from insect eye composition, and develop many advanced night vision weapons | D) Darwin realizes ""natural selection"" theory in reading Malthusian population theory]",B,B,B
58,"Representation: It refers to the image of people in the mind when things are not in front of them. Which of the following belongs to representation? [A) A clear image in people's minds after visiting the Temple of Heaven in Beijing | B) After reading ""Afanggong Fu"", the image of Afanggong that people have in mind | C) The image of the machine conceived in the mind of the inventor before he designed the new machine | D) The image of a demon in the myth that appears in people's minds]",A,C,C
59,"Leibniz was a great philosopher of the 17th century.He published his results of calculus research before Newton.But at that time Newton published his personal notes, stating that he had applied the principle of calculus at least 10 years before Leibniz published his results.Newton also said that not long before Leibniz published his results, he talked about his thoughts on calculus in a letter to Leibniz.But the post-hoc research showed that in this letter from Newton, the few lines of calculus did not touch on any significance of this theory.Therefore, it can be concluded that Leibniz and Newton each independently invented calculus. Which of the following must be assumed in the above argument. [A) Leibniz has no less talent in mathematics than Newton | B) Leibniz and Newton are honest people | C) No third person independently invented calculus no later than Leibniz and Newton | D) Neither Leibniz nor Newton gets key details about calculus from a third channel]",D,D,D
60,"Mr.Zhang's class has 120 students, half male and half female.80 students like math, and 100 students like Chinese. Which of the following extrapolation based on the above information may be correct. [A) 40 boys like mathematics but not Chinese | B) 40 boys who like Chinese do not like math | C) 60 girls who like Chinese do not like math | D) Only 10 of the 60 boys who like mathematics like Chinese]",B,C,C
61,"Experts point out that the suicide behavior of the elderly during aging is mainly caused by ""lossing"", such as lossing health, lossing partners, lossing child care, lossing financial capacity, etc.Therefore, relevant persons pointed out that society, families should care the elderly, and the community should also provide the necessary services, such as long-term care services, psychological counselling services, legal help, etc..The relevant crisis intervention organizations must cooperate and work together to reduce the elderly's probability of suicide. Based on the above information, which of the following statement is correct [A) Old people commit suicide mainly because they are aging and unhealthy | B) The elderly have such a high probability of suicide that the relevant crisis intervention organizations must take responsibility | C) Family, children, communities, crisis intervention organizations, and other sectors of society should care about the lives of the elderly | D) As long as the community has provided appropriate nursing and counselling services, the suicide probability of the elderly must be reduced]",C,C,C
62,"Shortly after the Gulf War, researchers reported on this area.During the war, when normal oil production slowed down, the area suffered from hundreds of thick smoke, heavy oil fires and wanton oil crossflow.However, after the war, the oil pollution in this area was lighter than the results of their investigation in this area before the war.They also reported that compared with the levels of polycyclic aromatic hydrocarbons (abbreviated as PAHs) recorded in the baltic oil-producing region with mild climate, the concentration of compounds in this region is relatively low.PAHs used to produce combustible products were ejected from oil wells during the war. Which of the following discussion can best explain the above materials. [A) Oil pollution has a greater impact on the environment in temperate regions than in desert regions | B) Oil pollution and PAHs pollution dissipate faster in temperate regions than in desert regions | C) Oil pollution and PAHs pollution dissipate faster in desert areas than in mild climates | D) In peacetime, oil production and transportation in the Gulf led to high levels of PAHs and large-scale oil dumping]",D,D,D
63,"Experts studying various types of mental stress in the UK have found that more and more people will experience varying degrees of discomfort after using the Internet.According to a sample survey of 10,000 people who regularly surf the Internet, the number of people who admit to feeling agitated and annoyed after surfing the Internet has reached one third, and 44% of Internet fans under the age of 20 admit to feeling irritable and nervous after going online.Psychologists believe that there is indeed some kind of ""Internet Mania."" According to the above information, which of the following are the least likely causes of ""Internet Mania""? [A) Due to the sharp increase in the number of Internet users and congested channels, if you want to access a relatively busy website, sometimes you have to wait a long time | B) A variety of information can be accessed on the Internet, but often too much information will make people confused, lose confidence, and lose personal attention. | C) Although the use of the Internet is free in some countries, the online payment system is implemented in China, which has restricted the online time of Internet users | D) Due to anonymity, Internet users are often treated rudely or received information spam by other Internet users]",C,C,C
64,"Modern western aesthetics, contrary to the traditional philosophical methods of the past, moves towards psychological aesthetics and scientific aesthetics.Psychological aesthetics uses scientific methods to study human aesthetic psychology, focusing on the subject; scientific aesthetics uses scientific methods to analyze the structure and function of aesthetic objects, focusing on the object.But no matter which method is adopted, they think that the endless philosophical speculative discussion on the nature of beauty (the definition of beauty) is of little significance. This shows that. [A) Modern western aesthetics believes that philosophical thinking of traditional aesthetics is meaningless and scientific | B) Psychological aesthetics studies human aesthetic psychology, focusing on the study of the subject and content of aesthetic objects | C) Scientific aesthetics focuses on the study of aesthetic objects, that is, the scientific analysis of the structure and function of aesthetic objects | D) The philosophical discussion on the essence of beauty should be abandoned]",C,C,C
65,"There are 4 cups on the table, each with a sentence written on it.The first cup: ""Beer is in all cups"".The second cup: ""Cola in this cup"".The third cup: "" No coffee in this cup "".Fourth cup:"" Some cups have no beer "".Only one of the 4 sentences is true. So which of the following is true? [A) Beer is in all cups | B) No cola in all cups | C) Coffee in the third cup | D) Cola in the second cup]",C,C,D
66,"Meteorologists say that when they design accurate mathematical models that can describe all the complex details of the atmosphere, they can make completely accurate weather forecasts.This is actually a plausible boast that can never be proven wrong.As long as there is an error in any weather forecast, you can find inaccuracies in the relevant mathematical models.Therefore, this declaration of meteorologists is meaningless. Which of the following, if true, would best serve as a basis for refuting the above view (i.e.the meteorologist's claim is meaningless). [A) Some unusual data structures can be used as the basis for accurate weather forecasts, even if the exact mechanism is unknown | B) As the accuracy of mathematical models is getting higher and higher, the accuracy of weather forecasts is also getting higher and higher | C) Mathematical models of the meteorological consequences of catastrophic events like volcanic eruptions are beginning to be constructed | D) Modern weather forecasts have reached 85% accuracy]",B,B,B
67,"Some people think that if a country can operate its economy efficiently, it will be able to create wealth and become rich: and if such a country wants to maintain political stability, the wealth it creates must be distributed fairly; the fair distribution of wealth will end economic risks; however, the existence of risks is an indispensable prerequisite for the efficient operation of the economy. Which conclusion can be drawn from the above viewpoints? [A) Political stability and economic wealth cannot coexist in a country | B) Political stability and economic efficiency cannot coexist in a country | C) The economic operations of a rich country must be effective | D) A politically unstable country must be full of economic risks]",B,B,B
68,"Xiao Ai walked down the street with her sister Xiao Hui.Suddenly Xiao Ai said to Xiao Hui, ""Oh, my nephew Xiao Gang is working in the bakery in front of us.Let's buy some bread."" But Xiao Hui said ""I do not have a nephew called Xiao Gang."" According to this, Xiao Hui should be Xiaogang's [A) Aunt | B) Wife | C) Mom | D) Father's sister]",C,C,C
69,"The 002 Nobel Prize winner in economics, psychologist Kahneman proposed in his famous ""Prospect Theory"": (a) most people are risk-averse when facing gains; (b) most people are risk-prone when facing losses; people are more sensitive to losses than to gains. Which of the following does not fit the prospect theory. [A) A is sure to win 1,000 yuan.B has a 50% chance to win 2,000 yuan, and 50% probability will get nothing.Most people will choose A | B) With the plan X, it can save 200 people; With the plan Y, there is a one-third chance to save 600 people, and two-thirds chance that none will be saved.People are more willing to choose the plan X | C) If you have several good news to post, you should put them together | D) Before the annual return rate of the fund reaches 3%, the fund management company only charges 0.5% of the management fee to maintain its cost; when the annual return rate is between 3% and 4.5%, the fund manager will charge an additional 50% of the 3% return as the performance reward.]",C,D,C
70,"The long-tail theory is a new theory emerging in the Internet age and was proposed by American Chris Anderson.The long-tail theory believes that in the past due to factors of cost and efficiency, people could only focus on important people or important things.If the normal distribution curve is used to describe these people or things, people can only pay attention to the ""head"" of the curve and will ignore most people or things that need more energy and cost to pay attention to in the ""tail"" of the curve. Which of the following cases, the long tail theory is used to emphasize the ""tail"". [A) Although the ""hot"" economic power is not as good as it was then, we still pay absolute attention to it | B) Businesses believe that listeners have an unlimited demand for non-popular music, and the market is extremely huge and should be paid attention to | C) Vendors focus on 20% of mainstream products that 80% of customers buy, and focus on maintaining 20% of mainstream customers who buy 80% of their products | D) When selling products, manufacturers focus on a few ""VIP"" customers, ""no time"" to take into account the majority of ordinary consumers]",B,B,B
71,"The crime of abuse refers to the acts of beating, scolding, freezing, starvation, confinement, forced overwork, failure to give medical treatment or other methods to the family members living together. By definition, which of the following does not constitute crimes of abuse. [A) Wang's son is ill, but Wang is allowed to progress to critical illness on the grounds that the treatment will not be effective | B) Li often uses corporal punishment to educate his naughty son and often detains him | C) Zhang often insults his wife with words, and sometimes beats his wife | D) Supermarket owners often search employees and often ask for overtime for no reason]",D,D,D
72,"The Matthew Effect refers to the phenomenon that the better become better, the worse become worse, the richer become richer, and the poorer become poorer. Which of the following options are not part of the Matthew Effect. [A) In the frenzy of the stock market and property market, the most profitable is always the dealer, and the most loser is always the retailer. | B) Talents in poor areas will flow to developed areas.Resources in poor areas will flow to developed areas cheaply.The system of poor areas is usually not as reasonable as that in developed areas.So the cycle will be repeated, and regional differences will increase. | C) Anyone can buy only one lottery ticket and win the jackpot | D) The more talented people there are, the more attractive they are; in turn, the scarce the recognized talents]",C,C,C
73,"A counterclaim is an act in which an accused has filed an independent action in an action that has been linked to the original suit. Which of the following options is counterclaims. [A) The plaintiff sued the defendant for not repaying the loan, and the defendant sued the plaintiff for illegal construction. | B) The plaintiff sued for divorce, and the defendant asked the court to confirm that the marriage relationship was originally invalid | C) The plaintiff sued, asking the defendant to deliver according to the sales contract, and the defendant sued the supplier for failing to deliver on time. | D) The plaintiff sued the defendant for the ownership of the house he lived in, and the defendant asked the court to ask the plaintiff to repay the arrears]",B,A,A
74,"The Marriage Law stipulates that divorce will be granted to both men and women who voluntarily divorce.In a marriage case, only one party is voluntarily willing to divorce. Therefore, the court's decision should be. [A) Divorce cannot be decided | B) Divorce may not be determined | C) Judgement after mutual agreement | D) Divorce should be decided]",B,B,B
75,"Traditional Chinese medicine is the pride of many Chinese people, but recently a signature campaign called ""Cancel Traditional Chinese Medicine"" initiated by experts believes that ""Chinese medicine"" does not actively seek progress and is not a rational and scientific medicine; it abuses natural resources; it is heartless and unjust, and deceive patients."" It can be deduced from this phenomenon that. [A) The efficacy of traditional Chinese medicine can not be questioned, so the cancellation of traditional Chinese medicine is just arrogant | B) People do not understand and have no confidence in traditional Chinese culture and traditional medicine | C) Although the efficacy of traditional Chinese medicine is unquestionable, the remarks to some extent reflect some of the difficulties that traditional Chinese medicine is currently facing | D) Such statements are purely personal prejudice and are not worth mentioning]",B,C,C
76,"Professor Richard Layard of the London School of Economics: ""There is a paradox in our lives.Most people want higher and higher incomes and work tirelessly for it.But although western society is getting richer, people do not feel happier.Economic growth does not necessarily make people happier.It is futile for the masses to pursue material wealth.The more likely result is to make people less happy. According to Richard Layard, which of the following statement is incorrect? [A) Happiness has nothing to do with people's income | B) People with higher incomes are less happy | C) People who want happiness should not have a high income | D) Happiness is not only measured by income]",D,C,C
77,"Suppose a government starts taxing two cents for each can of edible oil sold.However, tax records show that despite the stable population and strong enforcement of tax laws, the tax on edible oil has shown a downward trend in the first two years after the tax law came into effect. Which of the following items, if correct, is the most helpful explanation for the decline in the taxation of edible oils. [A) Few households start producing their own edible oil after the tax increase | B) Merchants started selling edible oil in larger tanks than before after the tax law was implemented | C) Two years after the introduction of the edible oil tax, the government began to levy taxes on many other commodities | D) Edible oil cans are traditionally used as wedding gifts.After the implementation of the tax law, the use of edible oils as gifts has increased.]",B,B,B
78,"Four teams A.B, C, and D play a round-robin match (each team plays one game against the other team).Results: Team B loses one, Team C wins one less than Team B, and Team B wins one less than Team D. So, the ranking of Team A is. [A) First place | B) Second place | C) Third place | D) Fourth place]",D,C,A
79,"Aesthetic Realm: refers to the joyful feelings and scenes beyond the natural realm, utilitarian realm and moral realm sublimated from the realm of life. According to the above definition, which of the following options is not Aesthetic Realm? [A) It feels elegant to enjoy the famous painting Mona Lisa. | B) Reading ""Picking Chrysanthemum under the East Hedge, Seeing Nanshan at Ease"" gives you a feeling of ease. | C) Listening to the Erhu's performance ""Two Springs Reflecting the Moon"" makes people quiet | D) Reading the ""Stock Guide"" and become interested in stocks]",D,D,D
80,"Administrative disputes refer to disputes caused by administrative management between national administrative organs or between national administrative organs and enterprises, institutions, social organizations and citizens, including administrative disputes and administrative cases. Which of the following options is not an administrative dispute? [A) The plaintiff is a clinic approved by the competent administrative department of health in accordance with the law.Because it did not accept the sanctions imposed by the health bureau on its unlicensed promotion of health products, it sued the health bureau | B) Plaintiff failed to obtain insurance compensation due to work-related injury, and sued factory to court | C) The plaintiff, an individual industrial and commercial household, was charged by the local administration for industry and commerce for setting up stalls in tourist attractions.The plaintiff considered the charges arbitrary and sued the administration | D) The plaintiff refused to accept the confirmation of fire department's fire accident liability and applied for a new confirmation]",B,B,B
81,"Transfer Learning: refers to the impact of one type of learning on another type of learning, that is, the influence that has occurred between the acquired knowledge experience, knowledge structure, motor skills, learning attitudes, strategies and methods, and new knowledge and skills. Which of the following options does not reflect the ability to transfer learning? [A) Using geometric methods to prove the yellow-red intersection angle | B) When we encounter difficult problems and feel at a loss, we associate similar scenes that occurred before to find solutions from experience. | C) Xiao Zhang likes a football star.At first, he only liked his football skills, but slowly started to pay attention to all his life. | D) When basketball players learn to put shots, they are always used to throwing the ball in the beginning, but it is difficult to adapt to the shot-taking action of pushing the shot in a straight line.]",C,C,C
82,"Stress: refers to the response of all organisms to various external stimuli.It is a dynamic response and is completed in a relatively short period of time. According to the above definition, which of the following is not stress? [A) Yellow weasel emits an odour when it encounters enemy | B) Various reactions when people see text and images | C) Polar bear's fur is white, consistent with the colour of the environment in which it lives | D) Cicada generally does not tweet below 24 ℃, but only tweet when the temperature is above 24 ℃ and the light reaches a certain level]",C,C,C
83,"Job burnout: refers to the phenomenon that the work itself requires too much of an individual's ability, energy, and resources, causing the worker to feel exhausted. According to this definition, which of the following is not the teachers' job burnout? [A) Mr.Wang finds it difficult to complete the extra teaching tasks assigned by the school | B) Now many students are very naughty and some young teachers are struggling to cope with it | C) Because Mr.Li often works overtime recently, he has always been weak in class these days | D) Mr.Zhang has been distressed at work recently because of her tense relationship with her husband]",D,D,D
84,"① Popularization of computers ② Computer management society ③ Reduction of ethics of computer technicians ④ Disclosure of computer management information ⑤ Increase of computer professionals ⑥ Informationization of overall business management of enterprises According to the following facts and comprehensive analysis, the most likely result is. [A) The increased computer crime rate | B) Violation of personal privacy | C) Increased computer allergies | D) Increased unemployed in management jobs]",A,A,A
85,"In city A.the driver's car accident insurance is paid at an average level, rather than the annual distance travelled by each driver.Under this mechanism, the insurance company can achieve a certain profit.Therefore, people with less than average mileage subsidize people with more than average mileage to some extent. Which of the following statements holds true, then the above statement holds true？ [A) Whenever a new driver purchases insurance, the average accident insurance premium charged to all drivers will also increase accordingly. | B) If drivers are classified based on annual mileage, insurance companies' profits will rise significantly | C) Drivers who receive high compensation from insurance companies pay insurance costs equal to or lower than those paid by other drivers | D) For an insurance company, the cost paid for someone with less than average mileage is less than the cost paid for someone with more mileage than average]",D,C,D
86,"When taking a polygraph test, as long as you take a small amount of some commonly used sedatives, you can make people undetected when lying.Because the psychological stress response measured by the polygraph can be suppressed by drugs without significant side effects.Inferred from this, this drug will also be effective in reducing psychological stress in daily life. The premise of this passage is _____________. [A) Sedatives are effective in treating psychological stress | B) Inhibition of psychological stress response increases subjective psychological stress | C) The psychological stress measured by the polygraph is similar to the psychological stress of daily life | D) People who lie during a polygraph test often show signs of psychological stress]",C,C,C
87,"There are two kinds of people living on an island.One is the truth-teller and the other is the lie-teller.One day, one person travels to the island and encounters three islanders A.B, and C.Then he asked them who was the truth-teller and who was the lie-teller.A said, ""B and C are both lie-tellers."" B said, ""I am the truth-teller."" C said, ""B is a lie-teller."" How many of these three people are telling lies? [A) 0 | B) 1 | C) 2 | D) 3]",C,C,C
88,"Whether the technological revolution will increase unemployment is a problem that has long plagued people.From some statistics, people have found interesting phenomena.Although the United States has invested heavily in computer technology and other aspects over the past years, its current unemployment rate (approximately 5.5%) is not higher than the unemployment rate in the early 1960s, and in Western Europe it is 11%, where investment in computers has been less than in the United States. Which of the following can be logically derived from the above text? [A) The development prospect of information technology is very broad | B) Information technology needs to evolve faster | C) Information technology does not cause unemployment | D) Development of information technology will not increase unemployment]",D,D,D
89,"In terms of being a tool of public health policy, the study of epidemic diseases has an advantage over the effects of toxins on animals: in epidemiology, there is no need to make inferences between different kinds of organisms. Which of the following options can be inferred from the above? [A) In epidemiology, inferences between organisms are just auxiliary tools | B) Epidemiology is a precise science | C) In epidemiology, humans can be directly the subject of research | D) Toxin studies in animals draw conclusions slower than epidemiology]",C,C,C
90,"Sentence: A sentence consisting of a subject-predicate phrase or a single word Which of the following options is a single sentence [A) as a bony man, it is better to stand and die than to live on his knees. | B) if you want to appreciate our gardens, Suzhou gardens should not be missed. | C) we should think carefully before answering the question so as not to revise it later. | D) due to long-term overwork, Li is finally sick and hospitalized.]",D,C,C
91,"Empathy refers to objectively understanding the subjective thoughts and emotional feelings of the parties from a human perspective and position, and conveying this understanding to the parties, but this does not necessarily mean that the listener must agree with the views and behaviors of the parties Which of the following options embodies empathy? [A) do you feel wronged? | B) say something then I can help you. | C) there was nothing wrong with you doing that! | D) don't be sad, everything will pass.]",A,A,A
92,"Green consumption: also known as sustainable consumption, refers to a new type of consumption behavior and process characterized by moderate consumption control, avoiding or reducing damage to the environment, advocating nature and protecting the ecology.Green consumption includes not only green products, but also recycling of materials, efficient use of energy, protection of living environment, species, etc. Based on the above definitions, which of the following is most in line with the concept of green consumption? [A) buy more green plants | B) try to choose products with little or no packaging when shopping | C) in order to achieve the purpose of protecting special, we advocate keeping pets at home. | D) choose the cheapest product when shopping]",B,B,B
93,"Spam: E-mail advertisements, publications or other materials sent to users who do not take the initiative to ask for instructions; mails without clear communication methods, senders, return addresses, etc;  using China Telecom's network to engage in acts that violate other ISP's security policies or service terms; and other mails that are expected to lead to complaints. Based on the above definitions, which of the following is not a spam? [A) an advertisement email introducing the latest skin care products but dont know where it from. | B) an enthusiastic letter of praise but no clear sender. | C) an email from a known contact but with a virus in it. | D) an email with winning information from an unknown website.]",C,C,C
94,"Single service contract: refers to a contract in which one party only has rights and does not perform obligations, and the other party has only obligations but does not enjoy rights Which of the following contracts is a single-service contract? [A) A gives B a car | B) A owes a debt to B, and the amount is large, so he mortgages his house to B | C) A buys B's old computer | D) A rents two houses from B]",A,A,A
95,"Fact 1: TV ads are becoming more and more ineffective, and the proportion of brand names that TV viewers can recall for promotion on TV is slowly decreasing.Fact 2: Television viewers recall the first or last advertisement in a series of commercial advertisements much better than they recall the advertisement somewhere in the middle. Which of the following options, if correct, fact 2 will most likely provide an explanation for fact 1. [A) the average number of consecutive TV commercials is gradually increasing | B) At present, the average TV viewer can only recall less than half of the brands he or she sees promoting. | C) the total time allocated to each group of consecutive TV commercials gradually decreases | D) the number of groups that broadcast continuous advertisements on TV every hour gradually increases.]",A,A,A
96,"There is only one step between success and failure.Liu Qing, a famous writer in our country, once said, ""The most important thing in this road of life is this step."" Many people ran 99 steps clearly, but they stopped because they faced difficulties.He is only one step away from success Which of the following options matches the meaning of this text? [A) step 99 is less useful than the last step | B) success or failure is determined by that step | C) Persist at critical times, you may succeed | D) there is only one step between success and failure]",C,C,C
97,"After a chef and a writer have argued fiercely, no one can persuade each other.The writer said angrily: ""You haven't done writing at all, so you don't have the right to conduct literary discussions.""  The chef answered, ""I haven't laid eggs, but I'm more familiar with the taste of scrambled eggs than anyone else! "" which of the following can't be concluded from the above dialogue? [A) the writer expressed contempt for the chef in his argument | B) the chef shows high level of literary criticism in the dialogue | C) the author may be a chef qualified for literary criticism.The premise is ture | D) The chef's retort compared ""writing"" to ""laying eggs"" and ""literary criticism"" to ""tasting the taste of eggs"" is wrong]",B,D,B
98,"A group of randomly selected people watched a speaker give a lecture on environmental ethics to a large and concentrated audience, and another group of randomly selected people watched the same speaker give a lecture to a small and unconcentrated group of people in the same way.The former group thought that the speaker thought deeply and confidently, while the latter group thought that the speaker's expression was vague and lengthy. The above materials best refute which of the following statements? [A) the same social behavior may give different feelings to different people in different social backgrounds | B) a randomly selected group of people may reach a consistent understanding of the personal qualities of the speaker in a specific social environment | C) a listener's comment on the speaker's speech may be influenced by the attitude of others | D) People's judgment of the speaker's personal qualities depends mainly on his content and the way he speaks]",D,D,D
99,"Natural disasters such as earthquakes, volcanic eruptions, and abnormal weather have caused far greater harm in the last decade than in previous decades.It can be concluded that as a natural environment, the earth becomes increasingly unfriendly and dangerous, so we should use meteorology and earth science to explore the reasons for this trend. Which of the following options, if correct, the conclusions obtained above will be serious affected. [A) Meteorology and geology provided early warning systems for natural disasters in the last decade that are much better than in previous decades | B) In the last decade, international help operations against victims of natural disasters have been much better organized than they were decades ago | C) population pressure and poverty are forcing more and more people to move to disaster-prone areas | D) Major earthquakes, volcanic eruptions and natural disasters such as abnormal weather (such as droughts, landslides and floods) occurred in the last decade and the previous decades have been recorded]",C,C,C
100,"Pawning refers to the act that the pawnbroker pledges his movable property and property rights as pawns or mortgages his real estate as pawns to the pawnshop, paying a certain proportion of expenses, obtaining the pawnbroker's money, and paying interest on the pawnbroker's money, repaying the pawnbroker's money and redeeming the pawnbroker's property within an agreed period of time. According to the above definitions, which of the following is pawning: [A) A furniture factory urgently needed funds and sold a batch of office furniture to a pawnshop for a very low price. | B) After a person defrauded a pawnshop of a large amount of money by using fake antiques forged by himself, he redeemed the fake antiques out of his own pocket for fear of disclosure. | C) A factory took a batch of raw materials as collateral and obtained pawn money from a pawn bank.After that, the plant continued to lose money.After repeated discussions, the pawn bank agreed to let the plant pay back the pawn money and only pay interest equivalent to the bank loan. | D) After stealing a friend's jewelry and exchanging it for money at a pawnshop, someone thought the money was too low to be worthwhile and redeemed the jewelry.]",C,C,C
